timestamp,provided_gate_voltage,provided_channel_voltage,drain_voltage,drain_current,measured_gate_voltage,measured_gate_current
1790087386.6441317,-1.0,0.05,0.0500029,1.18768e-10,-0.999972,1.07598e-10
1790087389.7151084,-1.0,-0.05,-0.0500014,1.09446e-10,-0.999969,1.01972e-10
1790087392.8014123,-0.99,0.05,0.0500073,8.63075e-12,-0.989963,-2.32816e-10
1790087395.871742,-0.99,-0.05,-0.0500063,2.36273e-11,-0.989965,-1.53017e-10
1790087399.7747562,-0.98,0.05,0.0500066,1.18923e-10,-0.979979,2.14684e-10
1790087402.8457336,-0.98,-0.05,-0.0500024,4.48823e-11,-0.979977,-7.24077e-11
1790087405.9161246,-0.97,0.05,0.0500054,-4.60148e-12,-0.96997,-2.06029e-10
1790087408.9878995,-0.97,-0.05,-0.0500055,8.55803e-11,-0.969973,1.89447e-10
1790087412.059931,-0.96,0.05,0.0500051,1.02079e-10,-0.959969,1.64962e-10
1790087415.9634151,-0.96,-0.05,-0.0500042,-8.98838e-12,-0.959969,-2.04039e-10
1790087419.0349464,-0.95,0.05,0.0500039,1.4329e-11,-0.94998,-1.10734e-10
1790087422.1067772,-0.95,-0.05,-0.0500068,1.08862e-10,-0.949976,2.17271e-10
1790087425.17795,-0.94,0.05,0.0500044,6.6781e-11,-0.939971,-3.27945e-11
1790087428.249339,-0.94,-0.05,-0.0500073,-3.19004e-11,-0.939969,-2.38097e-10
1790087432.1687973,-0.9299999999999999,0.05,0.0500013,2.98023e-12,-0.929985,-9.26137e-11
1790087435.255905,-0.9299999999999999,-0.05,-0.0500065,9.78589e-11,-0.929982,2.05398e-10
1790087438.3433893,-0.9199999999999999,0.05,0.0500048,8.74639e-11,-0.919976,7.18951e-11
1790087441.430198,-0.9199999999999999,-0.05,-0.0500057,-1.80364e-11,-0.919974,-2.25222e-10
1790087444.5174816,-0.9099999999999999,0.05,0.0500035,-1.45435e-12,-0.909987,-1.94049e-10
1790087448.4363754,-0.9099999999999999,-0.05,-0.0500084,7.09176e-11,-0.909988,1.49953e-10
1790087451.5232773,-0.8999999999999999,0.05,0.050004,1.12474e-10,-0.899981,1.70779e-10
1790087454.610414,-0.8999999999999999,-0.05,-0.0500044,3.70741e-12,-0.89998,-1.56474e-10
1790087457.6979036,-0.8899999999999999,0.05,0.050006,-1.25527e-11,-0.889993,-1.91438e-10
1790087460.78443,-0.8899999999999999,-0.05,-0.0500055,5.32269e-11,-0.889994,4.2069e-11
1790087464.7033849,-0.8799999999999999,0.05,0.05,1.19722e-10,-0.879988,2.09641e-10
1790087467.7902744,-0.8799999999999999,-0.05,-0.0500031,3.83735e-11,-0.879985,-3.80635e-11
1790087470.877309,-0.8699999999999999,0.05,0.0500007,-2.46286e-11,-0.869974,-2.35617e-10
1790087473.9639492,-0.8699999999999999,-0.05,-0.0500081,2.60592e-11,-0.869979,-5.45979e-12
1790087477.0509803,-0.8599999999999999,0.05,0.0500058,1.12951e-10,-0.85999,2.02215e-10
1790087480.9692326,-0.8599999999999999,-0.05,-0.0500033,7.25508e-11,-0.85999,9.92894e-11
1790087484.0563636,-0.8499999999999999,0.05,0.0500043,-7.1764e-12,-0.849981,-2.18403e-10
1790087487.143189,-0.8499999999999999,-0.05,-0.0500056,-2.07663e-11,-0.849983,-1.35815e-10
1790087490.2301757,-0.8399999999999999,0.05,0.0500061,9.18984e-11,-0.839992,1.97041e-10
1790087493.3330984,-0.8399999999999999,-0.05,-0.050004,1.01686e-10,-0.839991,2.14851e-10
1790087497.2518077,-0.8299999999999998,0.05,0.0500038,5.32627e-11,-0.82999,-5.72085e-11
1790087500.3388712,-0.8299999999999998,-0.05,-0.0500023,-3.73125e-11,-0.829993,-2.36678e-10
1790087503.425557,-0.8199999999999998,0.05,0.0500034,3.47972e-11,-0.820004,1.61767e-11
1790087506.5124214,-0.8199999999999998,-0.05,-0.0500043,1.02282e-10,-0.82,2.11966e-10
1790087509.599207,-0.8099999999999998,0.05,0.0500052,6.52552e-11,-0.809991,5.55158e-11
1790087513.517875,-0.8099999999999998,-0.05,-0.0500024,-3.68714e-11,-0.809992,-2.40195e-10
1790087516.6049812,-0.7999999999999998,0.05,0.0500085,2.10166e-11,-0.800007,-1.63555e-11
1790087519.691856,-0.7999999999999998,-0.05,-0.0500034,9.99689e-11,-0.800003,2.21753e-10
1790087522.7785451,-0.7899999999999998,0.05,0.0500041,6.44803e-11,-0.789994,-1.44482e-11
1790087525.8654058,-0.7899999999999998,-0.05,-0.0500039,-3.20792e-11,-0.789996,-2.19774e-10
1790087529.7841892,-0.7799999999999998,0.05,0.0500032,-1.51396e-12,-0.780008,-1.36626e-10
1790087532.871172,-0.7799999999999998,-0.05,-0.0500048,8.99076e-11,-0.780008,2.14243e-10
1790087535.9569764,-0.7699999999999998,0.05,0.0500034,8.14796e-11,-0.77,9.96709e-11
1790087539.0410593,-0.7699999999999998,-0.05,-0.05,-2.8944e-11,-0.77,-2.2732e-10
1790087542.1253202,-0.7599999999999998,0.05,0.0500031,-2.04682e-11,-0.759999,-2.17319e-10
1790087546.0404022,-0.7599999999999998,-0.05,-0.0500017,4.42743e-11,-0.75999,5.91278e-11
1790087549.1252067,-0.7499999999999998,0.05,0.0500076,1.12367e-10,-0.75,1.99592e-10
1790087552.2098956,-0.7499999999999998,-0.05,-0.05,4.58002e-11,-0.750003,-4.65035e-11
1790087555.2949622,-0.7399999999999998,0.05,0.0500051,-3.14474e-11,-0.739997,-2.32708e-10
1790087558.3799272,-0.7399999999999998,-0.05,-0.0500025,-3.92199e-12,-0.739997,-1.26576e-10
1790087562.2959695,-0.7299999999999998,0.05,0.0500028,8.20994e-11,-0.73001,1.93846e-10
1790087565.381002,-0.7299999999999998,-0.05,-0.0500069,7.29442e-11,-0.73001,1.09684e-10
1790087568.4659374,-0.7199999999999998,0.05,0.0500043,-1.56641e-11,-0.720001,-2.16722e-10
1790087571.551202,-0.7199999999999998,-0.05,-0.0500031,-2.08259e-11,-0.720002,-9.74298e-11
1790087574.63644,-0.7099999999999997,0.05,0.0500048,8.16226e-11,-0.71001,1.34444e-10
1790087578.5532303,-0.7099999999999997,-0.05,-0.0500031,8.3828e-11,-0.710011,1.55544e-10
1790087581.6382449,-0.6999999999999997,0.05,0.0500035,-8.59499e-12,-0.700003,-1.90711e-10
1790087584.7237158,-0.6999999999999997,-0.05,-0.0500065,-2.66314e-11,-0.700006,-1.07479e-10
1790087587.8091543,-0.6899999999999997,0.05,0.0500061,9.50336e-11,-0.690014,2.0498e-10
1790087590.8947604,-0.6899999999999997,-0.05,-0.0500025,7.80821e-11,-0.690017,1.65546e-10
1790087594.8115923,-0.6799999999999997,0.05,0.0500046,3.69549e-13,-0.68001,-1.7848e-10
1790087597.8974817,-0.6799999999999997,-0.05,-0.0500039,-2.86698e-11,-0.680011,-1.25945e-10
1790087600.983069,-0.6699999999999997,0.05,0.0500053,9.02057e-11,-0.670004,2.10023e-10
1790087604.068729,-0.6699999999999997,-0.05,-0.0500034,6.50883e-11,-0.670002,2.87652e-11
1790087607.1541212,-0.6599999999999997,0.05,0.0500054,-2.55942e-11,-0.660012,-2.13933e-10
1790087611.0713987,-0.6599999999999997,-0.05,-0.0500052,-1.83821e-11,-0.66001,-7.97391e-11
1790087614.157474,-0.6499999999999997,0.05,0.0500065,1.03438e-10,-0.650005,2.2217e-10
1790087617.2432673,-0.6499999999999997,-0.05,-0.0500031,2.18987e-11,-0.650004,-1.68443e-11
1790087620.3288357,-0.6399999999999997,0.05,0.0500036,-3.55124e-11,-0.640017,-2.11012e-10
1790087623.4151337,-0.6399999999999997,-0.05,-0.0500055,3.22103e-11,-0.640016,4.62294e-11
1790087627.332451,-0.6299999999999997,0.05,0.0500041,1.06525e-10,-0.630008,2.02167e-10
1790087630.4187734,-0.6299999999999997,-0.05,-0.0500032,-3.69549e-12,-0.630004,-1.28031e-10
1790087633.5047908,-0.6199999999999997,0.05,0.0500055,-2.95281e-11,-0.620014,-1.85657e-10
1790087636.5909095,-0.6199999999999997,-0.05,-0.0500023,6.69837e-11,-0.620018,1.58679e-10
1790087639.6771097,-0.6099999999999997,0.05,0.0500062,9.26852e-11,-0.61001,1.71375e-10
1790087643.6265714,-0.6099999999999997,-0.05,-0.050004,4.52995e-12,-0.610011,-6.01292e-11
1790087646.7123137,-0.5999999999999996,0.05,0.0500011,-3.54648e-11,-0.600022,-2.19107e-10
1790087649.8013911,-0.5999999999999996,-0.05,-0.0500057,3.1054e-11,-0.600022,6.22273e-11
1790087652.8849607,-0.5899999999999996,0.05,0.0500042,9.20653e-11,-0.590016,1.82724e-10
1790087655.971292,-0.5899999999999996,-0.05,-0.0500034,4.69685e-12,-0.590016,-7.21455e-11
1790087659.888504,-0.5799999999999996,0.05,0.0500053,-3.68714e-11,-0.58001,-2.31361e-10
1790087662.9749978,-0.5799999999999996,-0.05,-0.0500023,5.6386e-12,-0.580009,-4.47035e-11
1790087666.0610178,-0.5699999999999996,0.05,0.0500026,1.01733e-10,-0.57002,2.23494e-10
1790087669.147086,-0.5699999999999996,-0.05,-0.0500017,5.63502e-11,-0.570018,8.63671e-11
1790087672.233167,-0.5599999999999996,0.05,0.0499999,-7.61747e-12,-0.560013,-1.19829e-10
1790087676.1515388,-0.5599999999999996,-0.05,-0.050007,4.53115e-11,-0.56001,-2.04647e-10
1790087679.2369335,-0.5499999999999996,0.05,0.0500062,3.35813e-11,-0.550019,2.23756e-11
1790087682.3241172,-0.5499999999999996,-0.05,-0.0500044,8.3518e-11,-0.550023,2.23839e-10
1790087685.410055,-0.5399999999999996,0.05,0.050005,7.13348e-11,-0.540009,6.53386e-11
1790087688.4961143,-0.5399999999999996,-0.05,-0.0500009,-2.62499e-11,-0.54001,-1.0041e-10
1790087692.41403,-0.5299999999999996,0.05,0.0500055,-4.02331e-11,-0.530016,-2.32375e-10
1790087695.5002625,-0.5299999999999996,-0.05,-0.0500013,7.62939e-13,-0.530021,-6.34193e-11
1790087698.5865595,-0.5199999999999996,0.05,0.0500068,9.10044e-11,-0.520015,2.22254e-10
1790087701.672946,-0.5199999999999996,-0.05,-0.0500004,5.88894e-11,-0.520018,9.56774e-11
1790087704.759497,-0.5099999999999996,0.05,0.0500056,5.34058e-12,-0.510025,-5.14269e-11
1790087708.6769993,-0.5099999999999996,-0.05,-0.0500048,-5.48005e-11,-0.510026,-2.31886e-10
1790087711.763378,-0.49999999999999956,0.05,0.050004,-4.29153e-12,-0.500017,-7.87854e-11
1790087714.849985,-0.49999999999999956,-0.05,-0.0500039,6.88553e-11,-0.500014,1.7792e-10
1790087717.9367735,-0.48999999999999955,0.05,0.0500077,8.7595e-11,-0.49002,1.57619e-10
1790087721.0228708,-0.48999999999999955,-0.05,-0.0500021,2.6226e-12,-0.490022,3.32117e-11
1790087724.940954,-0.47999999999999954,0.05,0.0500053,-3.67761e-11,-0.480016,-2.25306e-10
1790087728.027352,-0.47999999999999954,-0.05,-0.0500071,-1.9896e-11,-0.480015,-1.29318e-10
1790087731.1138105,-0.46999999999999953,0.05,0.0500036,7.08938e-11,-0.470008,1.75142e-10
1790087734.2001565,-0.46999999999999953,-0.05,-0.0500048,8.01325e-11,-0.470009,1.97566e-10
1790087737.286405,-0.4599999999999995,0.05,0.0500075,5.70416e-11,-0.460014,1.5595e-10
1790087741.2040386,-0.4599999999999995,-0.05,-0.0500029,6.16312e-12,-0.460018,-1.38164e-11
1790087744.290398,-0.4499999999999995,0.05,0.0500057,-3.09587e-11,-0.450009,-2.00903e-10
1790087747.377168,-0.4499999999999995,-0.05,-0.0500048,-5.78046e-11,-0.450009,-2.09367e-10
1790087750.4630978,-0.4399999999999995,0.05,0.050004,-9.25064e-12,-0.440021,-1.212e-10
1790087753.549924,-0.4399999999999995,-0.05,-0.0500041,6.81877e-12,-0.440024,-1.62029e-10
1790087757.4678729,-0.4299999999999995,0.05,0.0500072,8.94785e-11,-0.430017,2.46763e-11
1790087760.5540411,-0.4299999999999995,-0.05,-0.0500024,6.001e-11,-0.430014,1.67954e-10
1790087763.640165,-0.4199999999999995,0.05,0.0500024,9.38416e-11,-0.420018,2.20132e-10
1790087766.7267923,-0.4199999999999995,-0.05,-0.0500077,8.30293e-11,-0.420018,2.25067e-10
1790087769.8131733,-0.4099999999999995,0.05,0.0500045,8.96096e-11,-0.410012,2.26772e-10
1790087773.7311292,-0.4099999999999995,-0.05,-0.050005,6.88672e-11,-0.410011,1.72102e-10
1790087776.8179095,-0.39999999999999947,0.05,0.0500055,3.65973e-11,-0.400023,6.31094e-11
1790087779.904174,-0.39999999999999947,-0.05,-0.0500041,-2.9254e-11,-0.400021,-1.22297e-10
1790087782.990624,-0.38999999999999946,0.05,0.050006,-4.071e-11,-0.390015,-2.2068e-10
1790087786.0771966,-0.38999999999999946,-0.05,-0.0500044,-5.46455e-11,-0.390013,-2.33471e-10
1790087789.995394,-0.37999999999999945,0.05,0.0500059,-2.06351e-11,-0.38001,-1.35219e-10
1790087793.0822382,-0.37999999999999945,-0.05,-0.0500032,2.36273e-11,-0.380007,1.24562e-10
1790087796.1688583,-0.36999999999999944,0.05,0.0500077,8.43763e-11,-0.370016,2.27392e-10
1790087799.255543,-0.36999999999999944,-0.05,-0.0500054,6.39081e-11,-0.370014,1.64557e-10
1790087802.3429184,-0.35999999999999943,0.05,0.0500051,3.98994e-11,-0.360008,1.42574e-10
1790087806.261402,-0.35999999999999943,-0.05,-0.0500021,-9.29832e-13,-0.360006,-6.66261e-11
1790087809.3486943,-0.3499999999999994,0.05,0.0500081,-3.94583e-11,-0.350018,-2.267e-10
1790087812.4350603,-0.3499999999999994,-0.05,-0.0500041,-5.89013e-11,-0.350017,-2.14231e-10
1790087815.5219338,-0.3399999999999994,0.05,0.0500063,-4.78029e-12,-0.340011,-6.35147e-11
1790087818.6088712,-0.3399999999999994,-0.05,-0.0500018,3.17454e-11,-0.340011,6.82592e-11
1790087822.5276747,-0.3299999999999994,0.05,0.0500067,8.50081e-11,-0.330017,2.06661e-10
1790087825.614041,-0.3299999999999994,-0.05,-0.050006,7.27534e-11,-0.330017,2.03431e-10
1790087828.7009525,-0.3199999999999994,0.05,0.0500061,3.74794e-11,-0.320011,3.23176e-11
1790087831.7880645,-0.3199999999999994,-0.05,-0.0500033,-5.58138e-11,-0.320009,-2.23279e-10
1790087834.8753717,-0.3099999999999994,0.05,0.0500044,-4.34279e-11,-0.310019,-2.20644e-10
1790087838.7938037,-0.3099999999999994,-0.05,-0.0500026,-1.84298e-11,-0.310016,-2.50578e-11
1790087841.8802965,-0.2999999999999994,0.05,0.0500067,7.09772e-11,-0.300008,1.7947e-10
1790087844.9675152,-0.2999999999999994,-0.05,-0.0500016,6.59108e-11,-0.300008,1.68049e-10
1790087848.0545483,-0.28999999999999937,0.05,0.050006,8.17776e-12,-0.289997,-8.32677e-11
1790087851.141156,-0.28999999999999937,-0.05,-0.0500024,-6.0606e-11,-0.289999,-2.1621e-10
1790087855.0595474,-0.27999999999999936,0.05,0.0500084,-4.04954e-11,-0.280007,-1.84739e-10
1790087858.1469653,-0.27999999999999936,-0.05,-0.0500043,2.85506e-11,-0.280009,1.60539e-10
1790087861.2335813,-0.26999999999999935,0.05,0.0500055,1.0407e-11,-0.270002,1.70863e-10
1790087864.32,-0.26999999999999935,-0.05,-0.0500016,-3.06368e-12,-0.270004,-8.71182e-11
1790087867.4071965,-0.25999999999999934,0.05,0.0500088,-5.31077e-11,-0.260013,-2.28858e-10
1790087871.3257256,-0.25999999999999934,-0.05,-0.0500025,-3.24607e-11,-0.260013,-2.16961e-12
1790087874.412111,-0.24999999999999933,0.05,0.0500053,7.96795e-11,-0.250005,2.19393e-10
1790087877.4988892,-0.24999999999999933,-0.05,-0.0500048,3.78251e-11,-0.250003,7.39932e-11
1790087880.5853128,-0.23999999999999932,0.05,0.0500048,-5.07951e-11,-0.240011,-2.22099e-10
1790087883.6723273,-0.23999999999999932,-0.05,-0.0500021,-4.03643e-11,-0.240013,-1.68455e-10
1790087887.5910094,-0.22999999999999932,0.05,0.0500063,5.17011e-11,-0.230004,1.6582e-10
1790087890.6775715,-0.22999999999999932,-0.05,-0.0500029,6.65069e-11,-0.230002,1.88601e-10
1790087893.7649465,-0.2199999999999993,0.05,0.0500077,-1.03831e-11,-0.220013,-1.17087e-10
1790087896.8509722,-0.2199999999999993,-0.05,-0.0499986,-6.001e-11,-0.220013,-1.88565e-10
1790087899.9376893,-0.2099999999999993,0.05,0.0500076,3.71456e-11,-0.210004,5.20825e-11
1790087903.8561995,-0.2099999999999993,-0.05,-0.050005,7.28607e-11,-0.210001,2.2372e-10
1790087906.942975,-0.1999999999999993,0.05,0.0500077,-1.90735e-12,-0.200014,-5.8043e-11
1790087910.0295465,-0.1999999999999993,-0.05,-0.0500036,-6.88911e-11,-0.200017,-1.97554e-10
1790087913.1158597,-0.18999999999999928,0.05,0.0500052,3.07918e-11,-0.190008,1.32573e-10
1790087916.202531,-0.18999999999999928,-0.05,-0.0500033,7.30753e-11,-0.190004,2.25329e-10
1790087920.12085,-0.17999999999999927,0.05,0.0500067,2.52724e-12,-0.179998,-8.22186e-11
1790087923.2076137,-0.17999999999999927,-0.05,-0.0500049,-7.05481e-11,-0.179996,-2.13385e-10
1790087926.2945652,-0.16999999999999926,0.05,0.0500041,3.84331e-11,-0.170007,1.53744e-10
1790087929.3809803,-0.16999999999999926,-0.05,-0.050002,5.92232e-11,-0.170007,1.51789e-10
1790087932.4676907,-0.15999999999999925,0.05,0.050006,-3.15428e-11,-0.159997,-1.16277e-10
1790087936.3863475,-0.15999999999999925,-0.05,-0.0500035,-5.64218e-11,-0.159998,-1.50192e-10
1790087939.4732108,-0.14999999999999925,0.05,0.0500089,7.19428e-11,-0.150006,2.10619e-10
1790087942.5596662,-0.14999999999999925,-0.05,-0.0500014,5.73039e-11,-0.150004,1.25802e-10
1790087945.6782258,-0.13999999999999924,0.05,0.050007,-4.39525e-11,-0.139992,-2.29013e-10
1790087948.765049,-0.13999999999999924,-0.05,-0.0500032,-4.40717e-11,-0.139996,-1.37615e-10
1790087952.6831214,-0.12999999999999923,0.05,0.0500053,6.61135e-11,-0.130008,2.22123e-10
1790087955.7699842,-0.12999999999999923,-0.05,-0.0499992,2.69294e-11,-0.130007,4.20213e-11
1790087958.8567955,-0.11999999999999923,0.05,0.0500033,-5.83053e-11,-0.119998,-2.26772e-10
1790087961.9435275,-0.11999999999999923,-0.05,-0.050002,-1.44362e-11,-0.119999,7.15256e-13
1790087965.0304832,-0.10999999999999924,0.05,0.0500041,8.10027e-11,-0.110005,2.11191e-10
1790087968.9486299,-0.10999999999999924,-0.05,-0.0500022,2.52247e-11,-0.110005,5.89013e-11
1790087972.0351372,-0.09999999999999924,0.05,0.0500088,-5.4729e-11,-0.0999891,-2.23303e-10
1790087975.1218188,-0.09999999999999924,-0.05,-0.0500021,-3.02434e-11,-0.0999912,-5.37992e-11
1790087978.2084842,-0.08999999999999925,0.05,0.0500037,7.77006e-11,-0.0899906,2.30348e-10
1790087981.2956085,-0.08999999999999925,-0.05,-0.0500084,3.07083e-11,-0.0899935,1.31369e-10
1790087985.2137792,-0.07999999999999925,0.05,0.0500058,-3.51071e-11,-0.0799919,-2.04146e-10
1790087988.3004036,-0.07999999999999925,-0.05,-0.0500032,-3.07679e-11,-0.0799952,-1.07646e-10
1790087991.3867533,-0.06999999999999926,0.05,0.050005,6.46949e-11,-0.069997,2.123e-10
1790087994.4734788,-0.06999999999999926,-0.05,-0.0500039,2.90036e-11,-0.0699955,-1.96218e-11
1790087997.5599458,-0.059999999999999255,0.05,0.0500047,-5.32389e-11,-0.0599932,-2.04229e-10
1790088001.4782681,-0.059999999999999255,-0.05,-0.0500032,-5.59568e-11,-0.0600005,-1.36662e-10
1790088004.56499,-0.04999999999999925,0.05,0.0500057,6.14285e-11,-0.0499984,1.92845e-10
1790088007.6514275,-0.04999999999999925,-0.05,-0.0500048,4.89235e-11,-0.0499967,1.17588e-10
1790088010.7384207,-0.03999999999999925,0.05,0.0500036,-4.26054e-11,-0.0399953,-1.88577e-10
1790088013.8248057,-0.03999999999999925,-0.05,-0.0500044,-7.08103e-11,-0.0399938,-2.12312e-10
1790088017.7427704,-0.02999999999999925,0.05,0.0500053,1.4472e-11,-0.0299945,7.74622e-11
1790088020.829476,-0.02999999999999925,-0.05,-0.0500055,6.49929e-11,-0.0299951,2.16687e-10
1790088023.9165895,-0.019999999999999248,0.05,0.0500095,1.46866e-11,-0.0199916,-1.508e-11
1790088027.0028365,-0.019999999999999248,-0.05,-0.0500042,-7.23362e-11,-0.0199938,-1.66941e-10
1790088030.0895317,-0.009999999999999247,0.05,0.0500025,-5.05209e-11,-0.00999352,-1.99556e-10
1790088034.0080547,-0.009999999999999247,-0.05,-0.0500049,2.58684e-12,-0.00999197,3.87073e-11
1790088037.094408,7.528699885739343e-16,0.05,0.050003,7.51257e-11,1.51873e-05,2.31564e-10
1790088040.1813126,7.528699885739343e-16,-0.05,-0.0500018,2.61664e-11,1.45793e-05,9.76443e-11
1790088043.2677464,0.010000000000000753,0.05,0.0500036,-3.92318e-11,0.0100168,-1.71924e-10
1790088046.3542957,0.010000000000000753,-0.05,-0.0500004,-7.72834e-11,0.0100167,-2.25019e-10
1790088050.2728064,0.020000000000000753,0.05,0.0500059,-3.3927e-11,0.020018,-1.22869e-10
1790088053.3598068,0.020000000000000753,-0.05,-0.0500018,4.25577e-11,0.0200177,1.5533e-10
1790088056.4459414,0.030000000000000755,0.05,0.0500058,7.4017e-11,0.030017,2.12479e-10
1790088059.5322583,0.030000000000000755,-0.05,-0.0500036,2.75493e-11,0.0300158,1.01197e-10
1790088062.6194553,0.04000000000000076,0.05,0.0500069,-2.76327e-11,0.0400218,-5.65171e-11
1790088066.5372179,0.04000000000000076,-0.05,-0.0500025,-7.5376e-11,0.0400223,-2.18868e-10
1790088069.6233852,0.05000000000000076,0.05,0.050008,-5.73993e-11,0.0500189,-1.79791e-10
1790088072.7102098,0.05000000000000076,-0.05,-0.0500011,-1.27077e-11,0.0500193,3.06368e-12
1790088075.7968695,0.06000000000000076,0.05,0.0500035,5.84483e-11,0.0600165,1.98925e-10
1790088078.8837829,0.06000000000000076,-0.05,-0.0500023,6.16789e-11,0.0600153,2.31838e-10
1790088082.801345,0.07000000000000076,0.05,0.0500019,6.09159e-11,0.0700156,1.70016e-10
1790088085.8878071,0.07000000000000076,-0.05,-0.0500063,-3.06249e-11,0.0700188,-1.07181e-10
1790088088.9747698,0.08000000000000075,0.05,0.0500085,-6.69122e-11,0.0800151,-2.25842e-10
1790088092.0613508,0.08000000000000075,-0.05,-0.050004,-5.82099e-11,0.0800171,-7.15733e-11
1790088095.1478438,0.09000000000000075,0.05,0.0500067,2.77996e-11,0.0900134,5.35488e-11
1790088099.0667086,0.09000000000000075,-0.05,-0.0500038,5.89251e-11,0.0900158,2.334e-10
1790088102.1531942,0.10000000000000074,0.05,0.0500073,5.02467e-11,0.100014,1.45817e-10
1790088105.2396846,0.10000000000000074,-0.05,-0.0500041,-4.29869e-11,0.100015,-9.93729e-11
1790088108.3258388,0.11000000000000074,0.05,0.0500041,-6.80566e-11,0.109995,-2.16186e-10
1790088111.4127135,0.11000000000000074,-0.05,-0.0500048,-6.35266e-11,0.109997,-1.47831e-10
1790088115.3312933,0.12000000000000073,0.05,0.0500051,3.1364e-11,0.120004,7.16209e-11
1790088118.417308,0.12000000000000073,-0.05,-0.0500036,5.79476e-11,0.120004,2.20287e-10
1790088121.5044641,0.13000000000000073,0.05,0.0500032,1.59264e-11,0.129997,4.26054e-11
1790088124.5904276,0.13000000000000073,-0.05,-0.0500054,-7.17878e-11,0.129999,-2.17605e-10
1790088127.6777956,0.14000000000000073,0.05,0.0500075,-6.51956e-11,0.140004,-2.11501e-10
1790088131.595509,0.14000000000000073,-0.05,-0.050001,-3.96252e-11,0.140002,-6.00696e-11
1790088134.6822724,0.15000000000000074,0.05,0.0500074,5.63741e-11,0.150015,2.10428e-10
1790088137.7689328,0.15000000000000074,-0.05,-0.050006,4.70281e-11,0.150012,1.37556e-10
1790088140.855826,0.16000000000000075,0.05,0.0500056,-2.93255e-11,0.16001,-8.31008e-11
1790088143.9420254,0.16000000000000075,-0.05,-0.0500015,-7.9608e-11,0.160005,-1.73604e-10
1790088147.8601167,0.17000000000000076,0.05,0.0500078,-6.37889e-11,0.170013,-1.88076e-10
1790088150.9467785,0.17000000000000076,-0.05,-0.0500059,-1.43886e-11,0.170012,5.41091e-11
1790088154.0333765,0.18000000000000077,0.05,0.0500041,6.77228e-11,0.180004,2.26247e-10
1790088157.120171,0.18000000000000077,-0.05,-0.0500021,4.4632e-11,0.180006,2.03276e-10
1790088160.2065718,0.19000000000000078,0.05,0.0500053,3.29375e-11,0.190014,1.74832e-10
1790088164.1244414,0.19000000000000078,-0.05,-0.0500035,-3.17931e-11,0.190013,3.67165e-12
1790088167.211397,0.2000000000000008,0.05,0.0500042,-5.87821e-11,0.200003,-1.98174e-10
1790088170.2980502,0.2000000000000008,-0.05,-0.0500048,-8.33392e-11,0.199999,-2.06077e-10
1790088173.3844967,0.2100000000000008,0.05,0.0500079,-2.53201e-11,0.210007,-9.16481e-11
1790088176.4714286,0.2100000000000008,-0.05,-0.0500054,-4.74453e-12,0.210007,-7.99775e-11
1790088180.3895338,0.2200000000000008,0.05,0.0500058,3.78013e-11,0.220001,1.45626e-10
1790088183.4760625,0.2200000000000008,-0.05,-0.0500021,5.43356e-11,0.220002,2.32983e-10
1790088186.56243,0.23000000000000081,0.05,0.0500101,4.33922e-11,0.23001,1.36268e-10
1790088189.6492226,0.23000000000000081,-0.05,-0.0500019,-4.45366e-11,0.230012,-1.3386e-10
1790088192.7353337,0.24000000000000082,0.05,0.0500058,-7.10249e-11,0.240006,-1.59681e-10
1790088196.6539185,0.24000000000000082,-0.05,-0.050002,-8.10742e-11,0.240005,-1.83487e-10
1790088199.7405138,0.25000000000000083,0.05,0.05001,5.126e-12,0.250017,6.9046e-11
1790088202.8268838,0.25000000000000083,-0.05,-0.0500016,4.82202e-11,0.250014,2.34032e-10
1790088205.9132175,0.26000000000000084,0.05,0.0500047,4.07934e-11,0.260003,1.13142e-10
1790088209.000447,0.26000000000000084,-0.05,-0.0500039,-2.35081e-11,0.260001,5.33581e-11
1790088212.9180124,0.27000000000000085,0.05,0.0500042,-4.66108e-11,0.270009,-1.4236e-10
1790088216.004243,0.27000000000000085,-0.05,-0.050002,-8.89301e-11,0.270012,-2.22528e-10
1790088219.090743,0.28000000000000086,0.05,0.0500047,-4.79937e-11,0.28002,-1.45566e-10
1790088222.1772642,0.28000000000000086,-0.05,-0.0500046,-2.74181e-12,0.280016,6.13809e-11
1790088225.263748,0.29000000000000087,0.05,0.0500056,4.1151e-11,0.29001,7.17998e-11
1790088229.1819031,0.29000000000000087,-0.05,-0.0500018,4.95791e-11,0.290012,2.33459e-10
1790088232.2680407,0.3000000000000009,0.05,0.0500127,3.66211e-11,0.300019,1.1605e-10
1790088235.3553038,0.3000000000000009,-0.05,-0.050001,-4.78506e-11,0.30002,-1.30594e-10
1790088238.4415686,0.3100000000000009,0.05,0.0500095,-7.74384e-11,0.310011,-2.19238e-10
1790088241.5278227,0.3100000000000009,-0.05,-0.0500013,-6.95109e-11,0.310009,-1.90282e-10
1790088245.4782476,0.3200000000000009,0.05,0.0500081,-5.44906e-11,0.320021,-1.43027e-10
1790088248.564267,0.3200000000000009,-0.05,-0.0500042,8.22544e-13,0.320021,1.18804e-10
1790088251.6514373,0.3300000000000009,0.05,0.0500059,6.38247e-11,0.330014,2.36392e-10
1790088254.738038,0.3300000000000009,-0.05,-0.0500006,1.02401e-11,0.330012,1.24931e-10
1790088257.8242266,0.3400000000000009,0.05,0.0500041,-3.52144e-11,0.340023,-2.95639e-11
1790088261.7428558,0.3400000000000009,-0.05,-0.0500025,-8.744e-11,0.340025,-2.19429e-10
1790088264.829637,0.3500000000000009,0.05,0.0500047,-5.13434e-11,0.350012,-1.0196e-10
1790088267.9160829,0.3500000000000009,-0.05,-0.050004,1.80721e-11,0.350009,1.52016e-10
1790088271.0025544,0.36000000000000093,0.05,0.0500065,6.16431e-11,0.360019,2.11406e-10
1790088274.0888793,0.36000000000000093,-0.05,-0.050004,1.35899e-12,0.360021,1.47808e-10
1790088278.0075734,0.37000000000000094,0.05,0.0500079,-4.76599e-11,0.370014,-1.5775e-10
1790088281.0939317,0.37000000000000094,-0.05,-0.0500037,-8.8954e-11,0.37001,-1.95134e-10
1790088284.1804543,0.38000000000000095,0.05,0.0500056,1.10984e-11,0.380014,9.65714e-11
1790088287.267036,0.38000000000000095,-0.05,-0.0500052,4.46558e-11,0.380016,2.14529e-10
1790088290.3534102,0.39000000000000096,0.05,0.050009,-1.69277e-12,0.39001,9.35197e-11
1790088294.2711859,0.39000000000000096,-0.05,-0.050007,-8.80599e-11,0.390008,-2.19023e-10
1790088297.3575802,0.40000000000000097,0.05,0.0500077,-4.2367e-11,0.400018,-3.27349e-11
1790088300.444378,0.40000000000000097,-0.05,-0.0500012,4.65155e-11,0.400023,2.26295e-10
1790088303.5309463,0.410000000000001,0.05,0.0500083,-3.61443e-11,0.410033,-1.46627e-10
1790088306.618256,0.410000000000001,-0.05,-0.0500055,-8.84175e-11,0.410027,-1.94538e-10
1790088310.5372937,0.420000000000001,0.05,0.0500082,2.56896e-11,0.420015,1.52433e-10
1790088313.624234,0.420000000000001,-0.05,-0.0500019,2.16722e-11,0.420017,1.22166e-10
1790088316.7111094,0.430000000000001,0.05,0.0500088,-7.056e-11,0.430027,-2.09904e-10
1790088319.7978919,0.430000000000001,-0.05,-0.050005,-5.97358e-11,0.430024,-4.09365e-11
1790088322.88509,0.440000000000001,0.05,0.0500079,4.66347e-11,0.440015,2.11048e-10
1790088326.8033347,0.440000000000001,-0.05,-0.0500036,1.27196e-11,0.440017,6.01172e-11
1790088329.8903666,0.450000000000001,0.05,0.0500039,-8.20756e-11,0.450025,-2.21419e-10
1790088332.977587,0.450000000000001,-0.05,-0.0500031,-3.33905e-11,0.450026,1.01125e-10
1790088336.0485477,0.460000000000001,0.05,0.0500061,5.29528e-11,0.460016,1.92177e-10
1790088339.1353095,0.460000000000001,-0.05,-0.0500023,-4.34041e-11,0.460014,-8.02875e-11
1790088343.0541422,0.47000000000000103,0.05,0.0500061,-7.82371e-11,0.470021,-1.76525e-10
1790088346.141012,0.47000000000000103,-0.05,-0.0500016,3.1352e-12,0.470022,1.97685e-10
1790088349.2281766,0.48000000000000104,0.05,0.0500057,3.196e-11,0.480015,9.19104e-11
1790088352.315025,0.48000000000000104,-0.05,-0.0500031,-9.61185e-11,0.480019,-2.16353e-10
1790088355.40251,0.49000000000000105,0.05,0.0500059,-4.71354e-11,0.49002,-9.86815e-11
1790088359.321245,0.49000000000000105,-0.05,-0.0500042,4.03166e-11,0.490021,2.39015e-10
1790088362.4082856,0.500000000000001,0.05,0.0500074,2.12431e-11,0.500011,-2.38776e-11
1790088365.4954875,0.500000000000001,-0.05,-0.0500027,-9.88483e-11,0.50001,-1.98483e-10
1790088368.5816185,0.510000000000001,0.05,0.0500044,1.77622e-12,0.510017,1.27292e-10
1790088371.6687958,0.510000000000001,-0.05,-0.0500055,4.21405e-11,0.510018,2.39027e-10
1790088375.5877483,0.520000000000001,0.05,0.0500027,-2.34246e-11,0.520008,-3.96132e-11
1790088378.6745658,0.520000000000001,-0.05,-0.0500029,-1.00148e-10,0.520011,-1.85466e-10
1790088381.761149,0.530000000000001,0.05,0.0500046,-4.50611e-12,0.530017,1.13022e-10
1790088384.8482804,0.530000000000001,-0.05,-0.0500049,3.62635e-11,0.530021,2.03717e-10
1790088387.9350352,0.540000000000001,0.05,0.0500041,-3.00765e-11,0.540028,-3.34263e-11
1790088391.8539374,0.540000000000001,-0.05,-0.0500031,-1.01101e-10,0.540027,-2.07102e-10
1790088394.9563942,0.550000000000001,0.05,0.0500052,-2.37942e-11,0.550018,8.65102e-11
1790088398.0432162,0.550000000000001,-0.05,-0.0500038,3.68476e-11,0.55002,2.1944e-10
1790088401.1301563,0.560000000000001,0.05,0.0500098,-3.5429e-11,0.560025,-1.10435e-10
1790088404.2171144,0.560000000000001,-0.05,-0.0500039,-9.8896e-11,0.560026,-2.12181e-10
1790088408.1359894,0.5700000000000011,0.05,0.0500035,1.03712e-12,0.570018,1.07348e-10
1790088411.222738,0.5700000000000011,-0.05,-0.0500056,3.31879e-11,0.570018,1.93322e-10
1790088414.3098662,0.5800000000000011,0.05,0.0500056,-5.3823e-11,0.580027,-1.62959e-10
1790088417.396132,0.5800000000000011,-0.05,-0.0500011,-7.59125e-11,0.580027,-1.14453e-10
1790088420.4833658,0.5900000000000011,0.05,0.0500077,2.68221e-11,0.590018,1.43719e-10
1790088424.401934,0.5900000000000011,-0.05,-0.0500037,3.649e-11,0.590017,1.91748e-10
1790088427.4890451,0.6000000000000011,0.05,0.0500083,-4.05312e-11,0.600022,-1.16181e-10
1790088430.5755622,0.6000000000000011,-0.05,-0.0500062,-9.85503e-11,0.600026,-1.88863e-10
1790088433.662765,0.6100000000000011,0.05,0.0500029,1.35183e-11,0.610012,1.51455e-10
1790088436.749434,0.6100000000000011,-0.05,-0.0500067,3.47614e-11,0.610012,2.18987e-10
1790088440.6683352,0.6200000000000011,0.05,0.050006,-1.18613e-11,0.620019,-4.10318e-11
1790088443.7552361,0.6200000000000011,-0.05,-0.0500036,-1.03629e-10,0.620018,-2.0982e-10
1790088446.8422365,0.6300000000000011,0.05,0.0500036,-2.58446e-11,0.630007,2.39611e-11
1790088449.9290586,0.6300000000000011,-0.05,-0.050003,3.56078e-11,0.630008,2.36106e-10
1790088453.016029,0.6400000000000011,0.05,0.0500061,-3.54052e-12,0.640017,1.16646e-10
1790088456.9338682,0.6400000000000011,-0.05,-0.0500041,-7.90954e-11,0.640016,-2.04647e-10
1790088460.0210235,0.6500000000000011,0.05,0.0500077,-6.98447e-11,0.650005,-1.21534e-10
1790088463.108034,0.6500000000000011,-0.05,-0.0500005,1.21713e-11,0.650001,2.01845e-10
1790088466.1947308,0.6600000000000011,0.05,0.0500085,3.84569e-11,0.660012,1.92904e-10
1790088469.2816367,0.6600000000000011,-0.05,-0.0500015,-1.96815e-11,0.660013,1.33967e-10
1790088473.2000532,0.6700000000000012,0.05,0.0500062,-4.67539e-11,0.67002,-8.70585e-11
1790088476.2867773,0.6700000000000012,-0.05,-0.0500044,-1.04821e-10,0.670024,-2.08974e-10
1790088479.3737352,0.6800000000000012,0.05,0.0500066,-8.1265e-11,0.68001,-1.83296e-10
1790088482.4606264,0.6800000000000012,-0.05,-0.0500033,-6.85215e-11,0.680011,-5.13315e-11
1790088485.5471702,0.6900000000000012,0.05,0.0500092,-3.28183e-11,0.690016,-1.07431e-10
1790088489.4657636,0.6900000000000012,-0.05,-0.0500059,-2.2006e-11,0.690014,6.35385e-11
1790088492.5524268,0.7000000000000012,0.05,0.0500059,3.23534e-11,0.700006,2.04957e-10
1790088495.6391792,0.7000000000000012,-0.05,-0.0500046,2.94089e-11,0.700009,2.39289e-10
1790088498.7260637,0.7100000000000012,0.05,0.0500083,1.86563e-11,0.710014,1.52266e-10
1790088501.81306,0.7100000000000012,-0.05,-0.0500063,-2.40088e-11,0.710011,1.09994e-10
1790088505.731208,0.7200000000000012,0.05,0.0500093,-5.08547e-11,0.720008,-9.75728e-11
1790088508.834384,0.7200000000000012,-0.05,-0.0500009,-1.04058e-10,0.720006,-2.08044e-10
1790088511.9209113,0.7300000000000012,0.05,0.050009,-8.52108e-11,0.730014,-1.65963e-10
1790088515.0077863,0.7300000000000012,-0.05,-0.0500012,-4.69327e-11,0.730014,2.20656e-11
1790088518.0947623,0.7400000000000012,0.05,0.0500038,3.02672e-11,0.74,1.63102e-10
1790088522.0128665,0.7400000000000012,-0.05,-0.0500048,3.07202e-11,0.74,2.35999e-10
1790088525.0999916,0.7500000000000012,0.05,0.0500085,8.9407e-13,0.750009,6.55532e-11
1790088528.1867912,0.7500000000000012,-0.05,-0.0500048,-8.74043e-11,0.750009,-1.70541e-10
1790088531.2734942,0.7600000000000012,0.05,0.0500051,-8.76188e-11,0.759994,-1.83249e-10
1790088534.3609312,0.7600000000000012,-0.05,-0.0500061,-4.75049e-11,0.759999,-5.63025e-11
1790088538.2792962,0.7700000000000012,0.05,0.0500061,3.12805e-11,0.770005,2.1708e-10
1790088541.3716154,0.7700000000000012,-0.05,-0.050003,1.49012e-11,0.770001,1.6458e-10
1790088544.5006783,0.7800000000000012,0.05,0.0500102,-1.39952e-11,0.779992,2.64645e-11
1790088547.5874963,0.7800000000000012,-0.05,-0.0500024,-1.07205e-10,0.779992,-2.14326e-10
1790088550.6742663,0.7900000000000013,0.05,0.0500095,-5.45382e-11,0.789996,-9.46641e-11
1790088554.592493,0.7900000000000013,-0.05,-0.0500051,1.40429e-11,0.789997,2.37477e-10
1790088557.679863,0.8000000000000013,0.05,0.0500056,-1.03951e-11,0.79999,7.33137e-12
1790088560.7666976,0.8000000000000013,-0.05,-0.0500051,-1.12963e-10,0.799991,-1.85204e-10
1790088563.8534644,0.8100000000000013,0.05,0.0500065,7.58171e-12,0.809998,1.73581e-10
1790088566.940151,0.8100000000000013,-0.05,-0.0500055,8.76188e-12,0.809999,1.86431e-10
1790088570.8584244,0.8200000000000013,0.05,0.0500041,-7.10726e-11,0.820006,-1.72567e-10
1790088573.945153,0.8200000000000013,-0.05,-0.0500036,-8.26478e-11,0.820006,-4.04239e-11
1790088577.0318606,0.8300000000000013,0.05,0.050005,3.25322e-11,0.829991,2.41697e-10
1790088580.118228,0.8300000000000013,-0.05,-0.0500027,-3.09348e-11,0.82999,-1.86205e-11
1790088583.2052324,0.8400000000000013,0.05,0.0500053,-1.01268e-10,0.840002,-2.04766e-10
1790088587.1231692,0.8400000000000013,-0.05,-0.0500021,-4.57168e-11,0.84,1.30081e-10
1790088590.2105749,0.8500000000000013,0.05,0.0500063,2.8038e-11,0.849987,1.63317e-10
1790088593.2973585,0.8500000000000013,-0.05,-0.0500028,-1.00458e-10,0.849989,-2.09773e-10
1790088596.3841317,0.8600000000000013,0.05,0.0500073,-5.63502e-11,0.859997,5.10573e-11
1790088599.470921,0.8600000000000013,-0.05,-0.0500025,2.25902e-11,0.859995,2.41447e-10
1790088603.3889885,0.8700000000000013,0.05,0.0500035,-2.93255e-12,0.869985,5.58972e-11
1790088606.47569,0.8700000000000013,-0.05,-0.0500036,-1.14226e-10,0.869989,-2.14601e-10
1790088609.5628452,0.8800000000000013,0.05,0.0500076,-4.30107e-11,0.879994,9.29236e-11
1790088612.6493478,0.8800000000000013,-0.05,-0.0500045,2.38776e-11,0.879993,2.20442e-10
1790088615.735978,0.8900000000000013,0.05,0.0500088,-2.79784e-11,0.889985,4.36068e-11
1790088619.6539853,0.8900000000000013,-0.05,-0.0500042,-1.1698e-10,0.889978,-2.14589e-10
1790088622.7409992,0.9000000000000014,0.05,0.0500056,-4.78268e-11,0.899987,3.62873e-11
1790088625.8278508,0.9000000000000014,-0.05,-0.0500012,2.38776e-11,0.899987,2.27666e-10
1790088628.914685,0.9100000000000014,0.05,0.0500045,-4.65512e-11,0.909977,-8.15988e-11
1790088632.0011494,0.9100000000000014,-0.05,-0.0500032,-1.16003e-10,0.909976,-2.14386e-10
1790088635.919866,0.9200000000000014,0.05,0.0500088,-5.37515e-11,0.91998,3.64661e-11
1790088639.0062907,0.9200000000000014,-0.05,-0.0500039,2.39134e-11,0.919978,2.4004e-10
1790088642.0929227,0.9300000000000014,0.05,0.0500094,-1.97887e-11,0.929967,-3.02196e-11
1790088645.1799517,0.9300000000000014,-0.05,-0.0500032,-1.18732e-10,0.92997,-2.04849e-10
1790088648.266378,0.9400000000000014,0.05,0.0500038,-5.06878e-11,0.939978,-2.48551e-11
1790088652.1847923,0.9400000000000014,-0.05,-0.0500044,1.14322e-11,0.939981,2.46871e-10
1790088655.2717755,0.9500000000000014,0.05,0.0500084,-2.52962e-11,0.949986,3.6335e-11
1790088658.358166,0.9500000000000014,-0.05,-0.050004,-1.19519e-10,0.949984,-1.99664e-10
1790088661.444801,0.9600000000000014,0.05,0.0500085,-1.00493e-11,0.959974,1.30284e-10
1790088664.5316753,0.9600000000000014,-0.05,-0.0500034,2.24113e-11,0.959976,2.45285e-10
1790088668.4499412,0.9700000000000014,0.05,0.0500083,-4.29749e-11,0.969982,-2.36392e-11
1790088671.5367262,0.9700000000000014,-0.05,-0.0499988,-1.11353e-10,0.969981,-1.9294e-10
1790088674.623637,0.9800000000000014,0.05,0.0500076,-3.76701e-12,0.979971,1.58417e-10
1790088677.7105362,0.9800000000000014,-0.05,-0.0499982,8.51154e-12,0.979969,1.88935e-10
1790088680.7964625,0.9900000000000014,0.05,0.05001,-6.99997e-11,0.989975,-5.96166e-11
1790088684.715398,0.9900000000000014,-0.05,-0.0500017,-1.21379e-10,0.989974,-1.94657e-10
