"timestamp","provided_gate_voltage","provided_channel_voltage","drain_voltage","drain_current","measured_gate_voltage","measured_gate_current"
"1790010102.6069946","-1.0","-0.05","-0.0500123","4.39405e-11","-0.999969","-5.10216e-12"
"1790010109.1641984","-0.99","-0.05","-0.0500111","8.39353e-11","-0.989961","1.02735e-10"
"1790010115.7212477","-0.98","-0.05","-0.0500073","-2.81334e-11","-0.979977","-1.95742e-10"
"1790010121.8626227","-0.97","-0.05","-0.0500067","1.00303e-10","-0.969966","2.15507e-10"
"1790010128.8359618","-0.96","-0.05","-0.050009","-1.45078e-11","-0.959961","-1.60408e-10"
"1790010134.9773054","-0.95","-0.05","-0.0500095","5.24879e-11","-0.949975","2.84195e-11"
"1790010141.5344152","-0.94","-0.05","-0.0500103","9.36508e-11","-0.939968","1.75273e-10"
"1790010148.1234758","-0.9299999999999999","-0.05","-0.0500118","-3.66449e-11","-0.929979","-2.27809e-10"
"1790010154.2969902","-0.9199999999999999","-0.05","-0.0500111","-1.12176e-11","-0.919972","-2.00868e-10"
"1790010161.3342347","-0.9099999999999999","-0.05","-0.0500085","7.25627e-11","-0.909985","1.48547e-10"
"1790010167.507371","-0.8999999999999999","-0.05","-0.050008","5.5933e-11","-0.899975","5.98669e-11"
"1790010174.096151","-0.8899999999999999","-0.05","-0.0500095","-3.19362e-11","-0.889988","-2.15757e-10"
"1790010180.685248","-0.8799999999999999","-0.05","-0.0500103","2.17676e-11","-0.87998","-1.95026e-11"
"1790010186.8586752","-0.8699999999999999","-0.05","-0.0500075","8.97169e-11","-0.869975","2.18546e-10"
"1790010193.8635993","-0.8599999999999999","-0.05","-0.050008","2.96354e-11","-0.859988","6.24657e-12"
"1790010200.036659","-0.8499999999999999","-0.05","-0.0500103","-4.85301e-11","-0.849981","-2.36595e-10"
"1790010206.6259952","-0.8399999999999999","-0.05","-0.0500082","-2.47359e-11","-0.83999","-1.52063e-10"
"1790010213.2149816","-0.8299999999999998","-0.05","-0.0500104","7.46131e-11","-0.829985","1.58691e-10"
"1790010219.3886173","-0.8199999999999998","-0.05","-0.0500118","6.89149e-11","-0.819993","1.61588e-10"
"1790010226.3936653","-0.8099999999999998","-0.05","-0.0500088","-5.98431e-12","-0.809989","-1.04356e-10"
"1790010232.5668056","-0.7999999999999998","-0.05","-0.0500127","-3.60847e-11","-0.8","-1.81198e-10"
"1790010239.1560118","-0.7899999999999998","-0.05","-0.0500064","3.52263e-11","-0.789994","4.09961e-11"
"1790010245.7296274","-0.7799999999999998","-0.05","-0.0500109","5.82099e-11","-0.78","8.77976e-11"
"1790010251.903097","-0.7699999999999998","-0.05","-0.0500097","-5.09024e-11","-0.769994","-2.01118e-10"
"1790010258.9077287","-0.7599999999999998","-0.05","-0.0500102","-1.48416e-11","-0.759989","-1.36888e-10"
"1790010265.0810344","-0.7499999999999998","-0.05","-0.0500103","9.25899e-11","-0.750005","2.19822e-10"
"1790010271.670214","-0.7399999999999998","-0.05","-0.0500072","1.56283e-11","-0.739993","-6.64592e-11"
"1790010278.2594228","-0.7299999999999998","-0.05","-0.0500064","-1.52469e-11","-0.730004","-1.13261e-10"
"1790010284.4328005","-0.7199999999999998","-0.05","-0.0500085","8.45075e-11","-0.720003","2.1143e-10"
"1790010291.4380157","-0.7099999999999997","-0.05","-0.0500044","-2.67744e-11","-0.71001","-2.06494e-10"
"1790010297.6118581","-0.6999999999999997","-0.05","-0.0500082","4.55737e-11","-0.700002","9.6488e-11"
"1790010304.2011576","-0.6899999999999997","-0.05","-0.0500104","7.3278e-11","-0.690009","1.18756e-10"
"1790010310.806065","-0.6799999999999997","-0.05","-0.0500091","-5.25832e-11","-0.680007","-2.16711e-10"
"1790010316.9795349","-0.6699999999999997","-0.05","-0.050012","8.76904e-11","-0.670003","2.10965e-10"
"1790010323.9847188","-0.6599999999999997","-0.05","-0.0500084","3.42131e-12","-0.660008","-9.40084e-11"
"1790010330.1579034","-0.6499999999999997","-0.05","-0.0500095","-7.41482e-12","-0.650002","-3.56197e-11"
"1790010336.746915","-0.6399999999999997","-0.05","-0.050009","8.75831e-11","-0.640011","2.08044e-10"
"1790010343.3362596","-0.6299999999999997","-0.05","-0.0500113","-5.25713e-11","-0.630003","-2.31767e-10"
"1790010349.5100148","-0.6199999999999997","-0.05","-0.0500076","8.46863e-11","-0.620015","2.1627e-10"
"1790010356.5147738","-0.6099999999999997","-0.05","-0.050008","-2.69771e-11","-0.610006","-2.12884e-10"
"1790010362.6882055","-0.5999999999999996","-0.05","-0.0500111","4.58479e-11","-0.60002","1.39487e-10"
"1790010369.27715","-0.5899999999999996","-0.05","-0.050008","4.1008e-11","-0.590011","5.6982e-11"
"1790010375.8663661","-0.5799999999999996","-0.05","-0.0500097","-4.12822e-11","-0.580005","-1.29271e-10"
"1790010382.039982","-0.5699999999999996","-0.05","-0.0500074","7.12156e-11","-0.570012","1.91855e-10"
"1790010389.0452082","-0.5599999999999996","-0.05","-0.0500115","-4.74453e-11","-0.560006","-2.29347e-10"
"1790010395.2187648","-0.5499999999999996","-0.05","-0.0500089","4.81606e-11","-0.550014","1.23537e-10"
"1790010401.8080268","-0.5399999999999996","-0.05","-0.0500077","6.07967e-11","-0.540006","1.42527e-10"
"1790010408.3977346","-0.5299999999999996","-0.05","-0.0500071","-5.34773e-11","-0.530016","-1.94502e-10"
"1790010414.570549","-0.5199999999999996","-0.05","-0.0500088","8.38995e-11","-0.520009","2.14767e-10"
"1790010421.5752826","-0.5099999999999996","-0.05","-0.0500089","-7.15256e-13","-0.510019","-7.94888e-11"
"1790010427.749417","-0.49999999999999956","-0.05","-0.0500091","-3.72648e-11","-0.500012","-1.08564e-10"
"1790010434.3384094","-0.48999999999999955","-0.05","-0.0500082","5.84126e-11","-0.490019","1.81985e-10"
"1790010440.9276996","-0.47999999999999954","-0.05","-0.0500074","3.04818e-11","-0.480015","7.14183e-11"
"1790010447.101226","-0.46999999999999953","-0.05","-0.0500087","-6.07729e-11","-0.470005","-2.30587e-10"
"1790010454.1062756","-0.4599999999999995","-0.05","-0.0500064","-7.96318e-12","-0.460016","-6.36935e-11"
"1790010460.327908","-0.4499999999999995","-0.05","-0.050008","5.98311e-11","-0.45001","1.49822e-10"
"1790010466.91699","-0.4399999999999995","-0.05","-0.050003","6.5589e-11","-0.440017","2.07734e-10"
"1790010473.5067334","-0.4299999999999995","-0.05","-0.0500071","-3.13044e-11","-0.430008","-1.25539e-10"
"1790010479.679973","-0.4199999999999995","-0.05","-0.0500104","-3.18527e-11","-0.420019","-1.27351e-10"
"1790010486.7005622","-0.4099999999999995","-0.05","-0.0500061","6.95467e-11","-0.410012","1.35529e-10"
"1790010492.8742046","-0.39999999999999947","-0.05","-0.0500081","2.82288e-11","-0.400021","7.15017e-11"
"1790010499.4636185","-0.38999999999999946","-0.05","-0.0500077","-6.38127e-11","-0.390014","-2.31934e-10"
"1790010506.052555","-0.37999999999999945","-0.05","-0.0500049","5.49912e-11","-0.380004","1.54126e-10"
"1790010512.226235","-0.36999999999999944","-0.05","-0.0500037","6.31809e-13","-0.370017","3.62515e-11"
"1790010519.2314951","-0.35999999999999943","-0.05","-0.0500062","-6.0761e-11","-0.360006","-2.0684e-10"
"1790010525.4042215","-0.3499999999999994","-0.05","-0.0500074","7.09772e-11","-0.350015","2.22027e-10"
"1790010531.9939141","-0.3399999999999994","-0.05","-0.0500056","1.40905e-11","-0.340005","2.14815e-11"
"1790010538.5829074","-0.3299999999999994","-0.05","-0.0500084","-4.69327e-11","-0.330015","-1.50955e-10"
"1790010544.756447","-0.3199999999999994","-0.05","-0.0500063","7.55191e-11","-0.320008","2.23684e-10"
"1790010551.7619503","-0.3099999999999994","-0.05","-0.0500068","-1.38044e-11","-0.310019","-4.92454e-11"
"1790010557.935092","-0.2999999999999994","-0.05","-0.0500061","-3.83496e-11","-0.300012","-7.09891e-11"
"1790010564.5244613","-0.28999999999999937","-0.05","-0.0500073","7.46369e-11","-0.290001","2.12228e-10"
"1790010571.1134539","-0.27999999999999936","-0.05","-0.0500061","-6.56605e-11","-0.280008","-2.28167e-10"
"1790010577.2868774","-0.26999999999999935","-0.05","-0.0500069","5.70416e-11","-0.270005","1.61827e-10"
"1790010584.292418","-0.25999999999999934","-0.05","-0.0500048","9.78708e-12","-0.260006","-1.92523e-11"
"1790010590.4656565","-0.24999999999999933","-0.05","-0.0500063","-4.11749e-11","-0.249997","-1.10483e-10"
"1790010597.054926","-0.23999999999999932","-0.05","-0.050005","6.48022e-11","-0.24001","2.18511e-10"
"1790010603.644151","-0.22999999999999932","-0.05","-0.050008","-6.85453e-12","-0.23","-4.60863e-11"
"1790010609.8339052","-0.2199999999999993","-0.05","-0.0500058","-6.36935e-11","-0.220008","-2.25329e-10"
"1790010616.838361","-0.2099999999999993","-0.05","-0.0500069","-1.65105e-11","-0.209998","1.32442e-11"
"1790010623.0120566","-0.1999999999999993","-0.05","-0.0500086","6.02484e-11","-0.200009","1.81544e-10"
"1790010629.6013973","-0.18999999999999928","-0.05","-0.0500057","-4.60863e-11","-0.189996","-2.01869e-10"
"1790010636.1906896","-0.17999999999999927","-0.05","-0.0500095","2.57373e-11","-0.179994","1.49274e-10"
"1790010642.3638458","-0.16999999999999926","-0.05","-0.050006","-7.689e-12","-0.170001","-5.22137e-12"
"1790010649.3687477","-0.15999999999999925","-0.05","-0.0500057","-3.70741e-11","-0.159998","-7.20859e-11"
"1790010655.544362","-0.14999999999999925","-0.05","-0.050005","4.1616e-11","-0.150002","1.1164e-10"
"1790010662.1317744","-0.13999999999999924","-0.05","-0.0500095","-6.4981e-11","-0.139997","-1.97852e-10"
"1790010668.7208374","-0.12999999999999923","-0.05","-0.05001","2.49267e-11","-0.130004","1.65927e-10"
"1790010674.894515","-0.11999999999999923","-0.05","-0.0500107","-5.2166e-11","-0.119995","-1.81413e-10"
"1790010681.8998234","-0.10999999999999924","-0.05","-0.0500074","5.82457e-11","-0.110002","1.78456e-10"
"1790010688.0573657","-0.09999999999999924","-0.05","-0.0500059","-3.75032e-11","-0.0999922","-3.90768e-11"
"1790010694.6471896","-0.08999999999999925","-0.05","-0.050008","4.27842e-11","-0.089991","1.27494e-10"
"1790010701.236245","-0.07999999999999925","-0.05","-0.0500058","-4.94599e-11","-0.0799927","-1.19114e-10"
"1790010707.4091063","-0.06999999999999926","-0.05","-0.0500072","4.44531e-11","-0.0699955","1.60265e-10"
"1790010714.4144955","-0.059999999999999255","-0.05","-0.0500042","-7.49707e-11","-0.0599918","-1.88434e-10"
"1790010720.587207","-0.04999999999999925","-0.05","-0.0500048","5.81265e-11","-0.0499969","2.12121e-10"
"1790010727.176491","-0.03999999999999925","-0.05","-0.0500062","-7.31826e-11","-0.0399957","-2.2167e-10"
"1790010733.7656848","-0.02999999999999925","-0.05","-0.0500081","5.76258e-11","-0.0299912","2.2918e-10"
"1790010739.939432","-0.019999999999999248","-0.05","-0.0500064","-7.46012e-11","-0.0199876","-2.10845e-10"
"1790010746.9449449","-0.009999999999999247","-0.05","-0.0500052","4.00543e-11","-0.00999074","2.18654e-10"
"1790010753.1187568","7.528699885739343e-16","-0.05","-0.0500058","-5.73158e-11","1.72257e-05","-2.00236e-10"
"1790010759.7550068","0.010000000000000753","-0.05","-0.0500055","-5.56827e-11","0.0100141","-6.88314e-11"
"1790010766.3283029","0.020000000000000753","-0.05","-0.0500057","1.36971e-11","0.0200208","4.62413e-11"
"1790010772.5015996","0.030000000000000755","-0.05","-0.0500046","-4.87804e-11","0.0300167","-9.38058e-11"
"1790010779.5069757","0.04000000000000076","-0.05","-0.0500043","6.15954e-11","0.0400206","2.14911e-10"
"1790010785.6799474","0.05000000000000076","-0.05","-0.050004","-7.98106e-11","0.0500211","-2.24555e-10"
"1790010792.2697294","0.06000000000000076","-0.05","-0.0500062","2.98858e-11","0.0600195","1.30296e-10"
"1790010798.858752","0.07000000000000076","-0.05","-0.0500036","-2.563e-12","0.0700227","2.92659e-11"
"1790010805.0317078","0.08000000000000075","-0.05","-0.050005","-6.19531e-11","0.0800216","-1.98293e-10"
"1790010812.0382574","0.09000000000000075","-0.05","-0.0500054","5.63264e-11","0.0900239","2.31254e-10"
"1790010818.210326","0.10000000000000074","-0.05","-0.0500045","-5.48601e-11","0.100019","-1.99437e-10"
"1790010824.7991028","0.11000000000000074","-0.05","-0.0500062","-3.20554e-11","0.110001","-1.49727e-11"
"1790010831.404631","0.12000000000000073","-0.05","-0.0500067","4.63128e-11","0.12001","1.91998e-10"
"1790010837.5781255","0.13000000000000073","-0.05","-0.0500072","-7.71522e-11","0.13","-1.9213e-10"
"1790010844.5831783","0.14000000000000073","-0.05","-0.0500042","-5.36919e-11","0.140007","-1.36828e-10"
"1790010850.7570808","0.15000000000000074","-0.05","-0.0500052","5.94497e-11","0.150017","2.33865e-10"
"1790010857.345737","0.16000000000000075","-0.05","-0.0500017","1.14322e-11","0.16001","1.16217e-10"
"1790010863.9355505","0.17000000000000076","-0.05","-0.0500026","-8.62956e-11","0.170016","-2.23315e-10"
"1790010870.1086617","0.18000000000000077","-0.05","-0.0500055","-3.55244e-12","0.180012","-6.3777e-11"
"1790010877.113915","0.19000000000000078","-0.05","-0.0500053","4.9758e-11","0.190018","2.25961e-10"
"1790010883.2873886","0.2000000000000008","-0.05","-0.0500037","1.34707e-12","0.200014","3.30925e-11"
"1790010889.8763127","0.2100000000000008","-0.05","-0.0500058","-7.478e-11","0.21002","-2.07531e-10"
"1790010896.465794","0.2200000000000008","-0.05","-0.0500059","-2.59519e-11","0.220008","5.44786e-12"
"1790010902.6386626","0.23000000000000081","-0.05","-0.0500046","5.18203e-11","0.230017","2.36738e-10"
"1790010909.676055","0.24000000000000082","-0.05","-0.0500067","9.93013e-12","0.240011","5.58019e-11"
"1790010915.8493729","0.25000000000000083","-0.05","-0.0500088","-8.79407e-11","0.250017","-2.17843e-10"
"1790010922.4391599","0.26000000000000084","-0.05","-0.0500043","-1.89662e-11","0.26001","2.09212e-11"
"1790010929.0282545","0.27000000000000085","-0.05","-0.0500065","2.57254e-11","0.270022","1.94252e-10"
"1790010935.2019444","0.28000000000000086","-0.05","-0.0500059","-7.70092e-11","0.280023","-2.17128e-10"
"1790010942.206944","0.29000000000000087","-0.05","-0.0500075","-7.63297e-11","0.290016","-1.73283e-10"
"1790010948.380717","0.3000000000000009","-0.05","-0.0500043","3.75152e-11","0.300024","1.96791e-10"
"1790010954.9698224","0.3100000000000009","-0.05","-0.0500022","5.14269e-11","0.310018","2.16281e-10"
"1790010961.5593374","0.3200000000000009","-0.05","-0.0500008","-5.3215e-11","0.320028","-6.41584e-11"
"1790010967.732766","0.3300000000000009","-0.05","-0.0500061","-9.17554e-11","0.330016","-2.23541e-10"
"1790010974.7378616","0.3400000000000009","-0.05","-0.0500069","-7.60317e-11","0.340026","-1.8357e-10"
"1790010980.911708","0.3500000000000009","-0.05","-0.050004","-5.65052e-12","0.350014","1.65701e-11"
"1790010987.5010366","0.36000000000000093","-0.05","-0.0500031","9.70364e-12","0.360025","1.03736e-10"
"1790010994.0899487","0.37000000000000094","-0.05","-0.0500059","4.2522e-11","0.370015","2.36773e-10"
"1790011000.2477858","0.38000000000000095","-0.05","-0.0500037","1.71423e-11","0.380024","2.1584e-10"
"1790011007.2524014","0.39000000000000096","-0.05","-0.050004","2.57254e-11","0.390016","1.57392e-10"
"1790011013.4106247","0.40000000000000097","-0.05","-0.0500031","-4.82678e-11","0.400028","-7.86662e-11"
"1790011019.9997966","0.410000000000001","-0.05","-0.0500033","-4.94838e-11","0.410033","-6.9356e-11"
"1790011026.5888984","0.420000000000001","-0.05","-0.0500035","-9.46641e-11","0.420024","-2.17307e-10"
"1790011032.7618568","0.430000000000001","-0.05","-0.0500028","-7.43747e-11","0.430033","-2.05207e-10"
"1790011039.766887","0.440000000000001","-0.05","-0.050003","-7.0107e-11","0.440024","-1.33622e-10"
"1790011045.9402378","0.450000000000001","-0.05","-0.0500048","-1.51396e-11","0.450031","3.14116e-11"
"1790011052.5298471","0.460000000000001","-0.05","-0.0500046","-2.18987e-11","0.460019","1.43766e-11"
"1790011059.1348894","0.47000000000000103","-0.05","-0.0500051","1.3876e-11","0.470028","1.25384e-10"
"1790011065.3084488","0.48000000000000104","-0.05","-0.0500015","4.20928e-11","0.480015","1.18864e-10"
"1790011072.3135812","0.49000000000000105","-0.05","-0.0500023","3.38793e-11","0.490025","1.65606e-10"
"1790011078.486827","0.500000000000001","-0.05","-0.0500023","4.27961e-11","0.500018","2.36988e-10"
"1790011085.076193","0.510000000000001","-0.05","-0.0500072","4.37379e-11","0.510026","2.36762e-10"
"1790011091.665596","0.520000000000001","-0.05","-0.0500048","1.53303e-11","0.520018","1.55294e-10"
"1790011097.8388999","0.530000000000001","-0.05","-0.0500051","-5.00321e-11","0.530024","5.24759e-11"
"1790011104.8440087","0.540000000000001","-0.05","-0.0499992","-6.19292e-11","0.540032","-1.03831e-10"
"1790011111.0173368","0.550000000000001","-0.05","-0.050006","-9.83953e-11","0.550023","-2.17474e-10"
"1790011117.606541","0.560000000000001","-0.05","-0.050006","-9.22561e-11","0.56003","-1.99008e-10"
"1790011124.1961842","0.5700000000000011","-0.05","-0.0500043","-1.31845e-11","0.57002","7.6735e-11"
"1790011130.3694303","0.5800000000000011","-0.05","-0.0499998","3.93629e-11","0.580032","2.27726e-10"
"1790011137.374323","0.5900000000000011","-0.05","-0.0500038","1.62363e-11","0.590023","1.68335e-10"
"1790011143.547773","0.6000000000000011","-0.05","-0.0500073","-8.26716e-11","0.600029","-1.61028e-10"
"1790011150.1368017","0.6100000000000011","-0.05","-0.0500053","-8.63433e-11","0.610019","-2.14815e-10"
"1790011156.7265167","0.6200000000000011","-0.05","-0.0500027","-5.25236e-11","0.620023","-2.86818e-11"
"1790011162.8842354","0.6300000000000011","-0.05","-0.0500037","3.62396e-11","0.630013","2.39182e-10"
"1790011169.8889885","0.6400000000000011","-0.05","-0.050006","3.45707e-13","0.640021","1.26588e-10"
"1790011176.0627491","0.6500000000000011","-0.05","-0.0500046","-1.00017e-10","0.650011","-2.15757e-10"
"1790011182.6519496","0.6600000000000011","-0.05","-0.050006","-9.35435e-11","0.660024","-1.90985e-10"
"1790011189.241027","0.6700000000000012","-0.05","-0.0500031","4.73261e-12","0.670029","1.65641e-10"
"1790011195.4149504","0.6800000000000012","-0.05","-0.0500066","-2.38419e-12","0.68002","1.21331e-10"
"1790011202.4202406","0.6900000000000012","-0.05","-0.0500031","-1.0376e-10","0.690027","-2.14708e-10"
"1790011208.6411622","0.7000000000000012","-0.05","-0.0500038","-5.23329e-11","0.700013","9.81092e-12"
"1790011215.2301707","0.7100000000000012","-0.05","-0.0500048","3.01242e-11","0.710022","2.07579e-10"
"1790011221.8200793","0.7200000000000012","-0.05","-0.0500023","-1.04487e-10","0.720013","-1.82927e-10"
"1790011227.9931827","0.7300000000000012","-0.05","-0.0499976","2.89679e-11","0.730023","2.38526e-10"
"1790011234.998044","0.7400000000000012","-0.05","-0.050006","-1.07396e-10","0.740015","-1.99771e-10"
"1790011241.171644","0.7500000000000012","-0.05","-0.050005","3.01838e-11","0.750022","2.18284e-10"
"1790011247.7632456","0.7600000000000012","-0.05","-0.050003","-1.01757e-10","0.760003","-2.11442e-10"
"1790011254.349899","0.7700000000000012","-0.05","-0.0500049","3.14474e-11","0.77001","2.35295e-10"
"1790011260.5237226","0.7800000000000012","-0.05","-0.0500056","-1.0854e-10","0.780002","-2.12657e-10"
"1790011267.5286825","0.7900000000000013","-0.05","-0.0500034","1.63913e-11","0.790011","2.22707e-10"
"1790011273.7027156","0.8000000000000013","-0.05","-0.0500039","-9.8002e-11","0.8","-2.06292e-10"
"1790011280.2916853","0.8100000000000013","-0.05","-0.0500025","8.88109e-12","0.810007","1.86241e-10"
"1790011286.8807888","0.8200000000000013","-0.05","-0.050005","-8.77619e-11","0.820017","-1.88363e-10"
"1790011293.0546544","0.8300000000000013","-0.05","-0.050006","7.21216e-12","0.829998","1.7122e-10"
"1790011300.0599692","0.8400000000000013","-0.05","-0.0500016","-5.46575e-11","0.840007","-6.89507e-11"
"1790011306.232731","0.8500000000000013","-0.05","-0.0500029","-4.34041e-11","0.849991","1.01948e-10"
"1790011312.8224921","0.8600000000000013","-0.05","-0.0500049","-9.72748e-12","0.860002","8.34107e-11"
"1790011319.4118233","0.8700000000000013","-0.05","-0.0500059","-8.91805e-11","0.869989","-7.58648e-11"
"1790011325.5848334","0.8800000000000013","-0.05","-0.0500023","1.477e-11","0.88","2.15507e-10"
"1790011332.5895932","0.8900000000000013","-0.05","-0.0500043","-9.86338e-11","0.889992","-1.97053e-10"
"1790011338.7632182","0.9000000000000014","-0.05","-0.0500034","-1.55449e-11","0.900001","1.49608e-10"
"1790011345.3523188","0.9100000000000014","-0.05","-0.0500019","-1.04547e-11","0.909983","8.24809e-11"
"1790011351.9421961","0.9200000000000014","-0.05","-0.0500036","-8.26836e-11","0.919989","-6.68049e-11"
"1790011358.1634774","0.9300000000000014","-0.05","-0.0500049","2.71797e-11","0.929975","2.45523e-10"
"1790011365.1684747","0.9400000000000014","-0.05","-0.0500017","-9.38296e-11","0.939983","-1.38223e-10"
"1790011371.341883","0.9500000000000014","-0.05","-0.0500051","-9.23872e-12","0.949989","1.78587e-10"
"1790011377.9316773","0.9600000000000014","-0.05","-0.0500041","-4.02927e-11","0.959981","1.90854e-11"
"1790011384.521001","0.9700000000000014","-0.05","-0.0500037","-8.40426e-11","0.969988","1.2517e-12"
"1790011390.694222","0.9800000000000014","-0.05","-0.0500029","5.84126e-12","0.979976","1.75369e-10"
"1790011397.6998057","0.9900000000000014","-0.05","-0.0500018","-1.06609e-10","0.98998","-1.82843e-10"
